pays,periode,signal,strategie,Cumulative_Returns,CAGR,Sharpe,Volatility,Max_Drawdown,Sortino,R_Squared,Omega_Ratio,CAGR_annees_civiles
canada,2008-01 à 2012-01,Rendements positifs,TSX60,-0.141575970284923,-0.0260577669360826,-0.0157302377339814,0.2611695563908957,-0.4979864726935543,-0.0212954949451003,1.0,0.9970659640780538,
canada,2008-01 à 2012-01,Rendements positifs,equally_weighted,0.0772441813788642,1.2925517636896533,0.1933088147884931,0.1937304123202515,-0.4009373178543739,0.2658415166974482,0.8991299553066885,1.0361852762889134,
canada,2008-01 à 2012-01,Rendements positifs,extra_trees_classifier,0.2265245598013603,3.592129094050933,0.3518959285095598,0.2060081302347083,-0.3713284294142499,0.4923749180750781,0.900089270227388,1.068534953282127,0.052482001208301154
canada,2008-01 à 2012-01,Rendements positifs,extra_trees_regressor,0.2687274959616774,4.199619941949018,0.3518959285095598,0.4120162604694167,-0.6321525650802455,0.4923749180750781,0.900089270227388,1.068534953282127,0.06143953853631512
canada,2008-01 à 2012-01,Rendements positifs,hist_gradient_boosting_classifier,0.6080201180927205,8.556371146997389,0.5231479875960391,0.3291676383659898,-0.4278155385463795,0.818579617799841,0.4733630469937708,1.1074615856884362,0.12636458374584425
canada,2008-01 à 2012-01,Rendements positifs,logistic_regression_classifier,-0.0098153122634286,-0.1703401879465715,0.1301998512193095,0.2782780785159499,-0.512855231869815,0.1818680677852154,0.7565198576848373,1.026219315299088,-0.002467973500355325
canada,2008-01 à 2012-01,Rendements positifs,ridge_regressor,0.4175740821664946,6.2167710919212915,0.4775481471965792,0.2473945299501419,-0.3713284294142499,0.6916195353100925,0.7303548254552787,1.0933644902217428,0.09135086428751804
canada,2008-01 à 2012-01,Rendements positifs,xgboost_classifier,0.344981260985439,5.256094172122294,0.3868572715927484,0.4421644720094897,-0.663661710374269,0.5723332421742341,0.7270175880896126,1.0773890627020934,0.07707332558860847
canada,2008-01 à 2012-01,Rendements positifs,xgboost_regressor,-0.2216291495683513,-4.238103285790307,0.0727540224941983,0.431425976024065,-0.681150214360019,0.1006522983685843,0.6072461986255062,1.0148403950546006,-0.06083766509435695
canada,2008-01 à 2012-01,Top 10,TSX60,-0.141575970284923,-0.0260577669360826,-0.0157302377339814,0.2611695563908957,-0.4979864726935543,-0.0212954949451003,1.0,0.9970659640780538,
canada,2008-01 à 2012-01,Top 10,equally_weighted,0.0772441813788642,1.2925517636896533,0.1933088147884931,0.1937304123202515,-0.4009373178543739,0.2658415166974482,0.8991299553066885,1.0361852762889134,
canada,2008-01 à 2012-01,Top 10,extra_trees_classifier,0.2265245598013603,3.592129094050933,0.3518959285095598,0.2060081302347083,-0.3713284294142499,0.4923749180750781,0.900089270227388,1.068534953282127,0.052482001208301154
canada,2008-01 à 2012-01,Top 10,extra_trees_regressor,0.0599740750442885,1.011778415647724,0.2771955606126475,0.4927638690061164,-0.7050337382109626,0.3893325612964668,0.8853831607832139,1.0530585401975012,0.01469804306564182
canada,2008-01 à 2012-01,Top 10,hist_gradient_boosting_classifier,0.6080201180927205,8.556371146997389,0.5231479875960391,0.3291676383659898,-0.4278155385463795,0.818579617799841,0.4733630469937708,1.1074615856884362,0.12636458374584425
canada,2008-01 à 2012-01,Top 10,logistic_regression_classifier,-0.0098153122634286,-0.1703401879465715,0.1301998512193095,0.2782780785159499,-0.512855231869815,0.1818680677852154,0.7565198576848373,1.026219315299088,-0.002467973500355325
canada,2008-01 à 2012-01,Top 10,ridge_regressor,0.7421995932961787,10.07057706810459,0.5377461413115051,0.4339965164089894,-0.6121579677651174,0.7780122590715076,0.7925890483673569,1.100752302386382,0.14920762417064726
canada,2008-01 à 2012-01,Top 10,xgboost_classifier,0.344981260985439,5.256094172122294,0.3868572715927484,0.4421644720094897,-0.663661710374269,0.5723332421742341,0.7270175880896126,1.0773890627020934,0.07707332558860847
canada,2008-01 à 2012-01,Top 10,xgboost_regressor,0.0409810619637163,0.6966006860564589,0.258809227737489,0.4719798230158123,-0.6977292014812182,0.3611460932749307,0.8513053770954351,1.0504844492977052,0.010112347296517443
canada,2008-01 à 2012-01,Top 20,TSX60,-0.141575970284923,-0.0260577669360826,-0.0157302377339814,0.2611695563908957,-0.4979864726935543,-0.0212954949451003,1.0,0.9970659640780538,
canada,2008-01 à 2012-01,Top 20,equally_weighted,0.0772441813788642,1.2925517636896533,0.1933088147884931,0.1937304123202515,-0.4009373178543739,0.2658415166974482,0.8991299553066885,1.0361852762889134,
canada,2008-01 à 2012-01,Top 20,extra_trees_classifier,0.2265245598013603,3.592129094050933,0.3518959285095598,0.2060081302347083,-0.3713284294142499,0.4923749180750781,0.900089270227388,1.068534953282127,0.052482001208301154
canada,2008-01 à 2012-01,Top 20,extra_trees_regressor,0.2878630471548593,4.469573477916811,0.3610132338786426,0.4120177872778803,-0.6257306264964257,0.5059853726690828,0.8978604996537077,1.069949824237369,0.06542758728888276
canada,2008-01 à 2012-01,Top 20,hist_gradient_boosting_classifier,0.6080201180927205,8.556371146997389,0.5231479875960391,0.3291676383659898,-0.4278155385463795,0.818579617799841,0.4733630469937708,1.1074615856884362,0.12636458374584425
canada,2008-01 à 2012-01,Top 20,logistic_regression_classifier,-0.0098153122634286,-0.1703401879465715,0.1301998512193095,0.2782780785159499,-0.512855231869815,0.1818680677852154,0.7565198576848373,1.026219315299088,-0.002467973500355325
canada,2008-01 à 2012-01,Top 20,ridge_regressor,0.4743953762681367,6.940732281286466,0.4430186668439648,0.4081857963485346,-0.6047560134831345,0.629439190342144,0.875663839367876,1.0851441899530283,0.10214878351868273
canada,2008-01 à 2012-01,Top 20,xgboost_classifier,0.344981260985439,5.256094172122294,0.3868572715927484,0.4421644720094897,-0.663661710374269,0.5723332421742341,0.7270175880896126,1.0773890627020934,0.07707332558860847
canada,2008-01 à 2012-01,Top 20,xgboost_regressor,0.2740035362591493,4.274385781311918,0.3546480989898081,0.4137998611686535,-0.6327045801413979,0.4964169801903256,0.8893059617165772,1.0682576845352298,0.06254359689352484
canada,2008-01 à 2024-01,Rendements positifs,TSX60,0.5048970822120087,0.017796262618537,0.2328453351779477,0.1810576622525729,-0.4979864726935543,0.3150032672189518,1.0,1.0480152001230354,
canada,2008-01 à 2024-01,Rendements positifs,equally_weighted,2.585822440255527,5.662940625464663,0.5995776575216989,0.1534255950039559,-0.4009373178543739,0.8266527521573754,0.8769613606434647,1.1229908058212308,
canada,2008-01 à 2024-01,Rendements positifs,extra_trees_classifier,2.270451285326064,5.2460182038807535,0.4947905171808833,0.185186628186472,-0.4289061237286015,0.6850217438752046,0.8014464851466931,1.107810577135374,0.07692388617597334
canada,2008-01 à 2024-01,Rendements positifs,extra_trees_regressor,11.053541671712129,11.339903012154394,0.6516424361160117,0.3190213698959606,-0.6433113414383679,0.906066747448732,0.8909348929439023,1.138710266071207,0.16846564452795532
canada,2008-01 à 2024-01,Rendements positifs,hist_gradient_boosting_classifier,2.7579476544264656,5.878923642545808,0.5488118373675713,0.1817068421046519,-0.3795980735716036,0.759190841654817,0.7791384630963164,1.117466970118545,0.08632314595774626
canada,2008-01 à 2024-01,Rendements positifs,logistic_regression_classifier,6.311076973413275,8.963585956010323,0.6213557046002651,0.2536695119269276,-0.6598639793780161,0.8641600106915642,0.6919330586809224,1.1476180492260548,0.1324937665948147
canada,2008-01 à 2024-01,Rendements positifs,ridge_regressor,7.025554595089664,9.40287073776127,0.6864272426321102,0.227595568313848,-0.3795980735716037,1.0593048950641497,0.5058188670479854,1.1678193170269004,0.13911720080370316
canada,2008-01 à 2024-01,Rendements positifs,xgboost_classifier,3.3068488135798795,6.503632945559601,0.4932474550001318,0.2490263017844335,-0.6616737675409535,0.6944761103899433,0.718292283196958,1.111784616335315,0.09562548052160924
canada,2008-01 à 2024-01,Rendements positifs,xgboost_regressor,6.468841935881788,9.064013799986782,0.5534919975376059,0.3251880287686381,-0.6775106461857532,0.7656574962911539,0.8378590401021796,1.1146763842789238,0.1340069381679989
canada,2008-01 à 2024-01,Top 10,TSX60,0.5048970822120087,0.017796262618537,0.2328453351779477,0.1810576622525729,-0.4979864726935543,0.3150032672189518,1.0,1.0480152001230354,
canada,2008-01 à 2024-01,Top 10,equally_weighted,2.585822440255527,5.662940625464663,0.5995776575216989,0.1534255950039559,-0.4009373178543739,0.8266527521573754,0.8769613606434647,1.1229908058212308,
canada,2008-01 à 2024-01,Top 10,extra_trees_classifier,2.270451285326064,5.2460182038807535,0.4947905171808833,0.185186628186472,-0.4289061237286015,0.6850217438752046,0.8014464851466931,1.107810577135374,0.07692388617597334
canada,2008-01 à 2024-01,Top 10,extra_trees_regressor,10.211786924556147,10.992641722933904,0.5914054523882029,0.3799801001899685,-0.7050337382109626,0.8316618892073808,0.8322077927404027,1.118939009691483,0.1631871932418998
canada,2008-01 à 2024-01,Top 10,hist_gradient_boosting_classifier,2.7579476544264656,5.878923642545808,0.5488118373675713,0.1817068421046519,-0.3795980735716036,0.759190841654817,0.7791384630963164,1.117466970118545,0.08632314595774626
canada,2008-01 à 2024-01,Top 10,logistic_regression_classifier,6.311076973413275,8.963585956010323,0.6213557046002651,0.2536695119269276,-0.6598639793780161,0.8641600106915642,0.6919330586809224,1.1476180492260548,0.1324937665948147
canada,2008-01 à 2024-01,Top 10,ridge_regressor,33.477345889542754,16.50528797560533,0.8095262303297737,0.3515988393713756,-0.6437366481789878,1.1621824397671423,0.7642536085308463,1.1647067437456675,0.24784798827410404
canada,2008-01 à 2024-01,Top 10,xgboost_classifier,3.3068488135798795,6.503632945559601,0.4932474550001318,0.2490263017844335,-0.6616737675409535,0.6944761103899433,0.718292283196958,1.111784616335315,0.09562548052160924
canada,2008-01 à 2024-01,Top 10,xgboost_regressor,12.66883180560343,11.945744193178909,0.6471735838854041,0.3486554715110436,-0.6549262982079228,0.9107402410334224,0.7902461468812573,1.1291025399413035,0.17769228795141068
canada,2008-01 à 2024-01,Top 20,TSX60,0.5048970822120087,0.017796262618537,0.2328453351779477,0.1810576622525729,-0.4979864726935543,0.3150032672189518,1.0,1.0480152001230354,
canada,2008-01 à 2024-01,Top 20,equally_weighted,2.585822440255527,5.662940625464663,0.5995776575216989,0.1534255950039559,-0.4009373178543739,0.8266527521573754,0.8769613606434647,1.1229908058212308,
canada,2008-01 à 2024-01,Top 20,extra_trees_classifier,2.270451285326064,5.2460182038807535,0.4947905171808833,0.185186628186472,-0.4289061237286015,0.6850217438752046,0.8014464851466931,1.107810577135374,0.07692388617597334
canada,2008-01 à 2024-01,Top 20,extra_trees_regressor,12.58494167674256,11.916010203576,0.6745399833438341,0.3192108418611209,-0.6257306264964257,0.9440166339192356,0.8797123263106443,1.1422018297610244,0.177238930049068
canada,2008-01 à 2024-01,Top 20,hist_gradient_boosting_classifier,2.7579476544264656,5.878923642545808,0.5488118373675713,0.1817068421046519,-0.3795980735716036,0.759190841654817,0.7791384630963164,1.117466970118545,0.08632314595774626
canada,2008-01 à 2024-01,Top 20,logistic_regression_classifier,6.311076973413275,8.963585956010323,0.6213557046002651,0.2536695119269276,-0.6598639793780161,0.8641600106915642,0.6919330586809224,1.1476180492260548,0.1324937665948147
canada,2008-01 à 2024-01,Top 20,ridge_regressor,12.813816570977766,11.996723269574815,0.674259523994608,0.3228730883570634,-0.6674815085685568,0.9420334678311338,0.8659718124395512,1.1421057538900476,0.17846969831227
canada,2008-01 à 2024-01,Top 20,xgboost_classifier,3.3068488135798795,6.503632945559601,0.4932474550001318,0.2490263017844335,-0.6616737675409535,0.6944761103899433,0.718292283196958,1.111784616335315,0.09562548052160924
canada,2008-01 à 2024-01,Top 20,xgboost_regressor,13.758939614932814,12.317009262013269,0.6897637725789488,0.3202961770679104,-0.6352015681053046,0.9659764883374776,0.8676271305931759,1.1444544870541915,0.18335756749761378
canada,2012-01 à 2020-01,Rendements positifs,TSX60,0.3976769965480733,0.029336584098135,0.4463377910539669,0.1071063978660733,-0.2436197179110434,0.6136309940695212,1.0,1.0796518668753508,
canada,2012-01 à 2020-01,Rendements positifs,equally_weighted,1.418087044026782,7.920883082019392,1.1728063945129643,0.0987060958320033,-0.1356149796240602,1.695035564998698,0.8054562634255853,1.2168711747017862,
canada,2012-01 à 2020-01,Rendements positifs,extra_trees_classifier,1.487028287956217,8.183116193717366,1.2247467245313808,0.0972901661183195,-0.1432191183935404,1.7725526133388936,0.8431973175619419,1.2284757025103976,0.1207556145795865
canada,2012-01 à 2020-01,Rendements positifs,extra_trees_regressor,4.733500521775796,16.271987327048244,1.2247467245313808,0.1945803322366391,-0.270460148822999,1.7725526133388936,0.8431973175619419,1.2284757025103976,0.24422784180192347
canada,2012-01 à 2020-01,Rendements positifs,hist_gradient_boosting_classifier,8.357440593651894,21.294441430315647,0.943780045279831,0.3632929166413091,-0.4626489221652013,1.5829833970767908,0.2531119303115934,1.218028102114355,0.32287679392735336
canada,2012-01 à 2020-01,Rendements positifs,logistic_regression_classifier,2.4974049647461056,11.414597072333631,1.0544935293220834,0.161385381429066,-0.2193841134666045,1.6156318013418636,0.5048884460960461,1.2228113654589936,0.16960197934827037
canada,2012-01 à 2020-01,Rendements positifs,ridge_regressor,1.8589232501095925,9.492504092419509,0.7175615049401859,0.2158292625755493,-0.2721285151278425,1.1033543509072163,0.273913828244505,1.1851686467805838,0.14047014212050235
canada,2012-01 à 2020-01,Rendements positifs,xgboost_classifier,8.045067047192097,20.93943193677166,0.934277417969454,0.3682246947389098,-0.4357227177934549,1.4273000835913627,0.2211851683012633,1.192616929028746,0.3172686095828927
canada,2012-01 à 2020-01,Rendements positifs,xgboost_regressor,3.0543181673704076,12.844946402826874,0.6939158578111227,0.322903075021811,-0.4602554423827378,1.1646929084864637,0.2690037460380495,1.1648458256536862,0.1914280671821602
canada,2012-01 à 2020-01,Top 10,TSX60,0.3976769965480733,0.029336584098135,0.4463377910539669,0.1071063978660733,-0.2436197179110434,0.6136309940695212,1.0,1.0796518668753508,
canada,2012-01 à 2020-01,Top 10,equally_weighted,1.418087044026782,7.920883082019392,1.1728063945129643,0.0987060958320033,-0.1356149796240602,1.695035564998698,0.8054562634255853,1.2168711747017862,
canada,2012-01 à 2020-01,Top 10,extra_trees_classifier,1.487028287956217,8.183116193717366,1.2247467245313808,0.0972901661183195,-0.1432191183935404,1.7725526133388936,0.8431973175619419,1.2284757025103976,0.1207556145795865
canada,2012-01 à 2020-01,Top 10,extra_trees_regressor,5.263736804859883,17.163242248427913,1.024828494740153,0.2571404055618413,-0.3870195415362725,1.497442937976435,0.668787585178688,1.187834798210379,0.2580750678956827
canada,2012-01 à 2020-01,Top 10,hist_gradient_boosting_classifier,8.357440593651894,21.294441430315647,0.943780045279831,0.3632929166413091,-0.4626489221652013,1.5829833970767908,0.2531119303115934,1.218028102114355,0.32287679392735336
canada,2012-01 à 2020-01,Top 10,logistic_regression_classifier,2.4974049647461056,11.414597072333631,1.0544935293220834,0.161385381429066,-0.2193841134666045,1.6156318013418636,0.5048884460960461,1.2228113654589936,0.16960197934827037
canada,2012-01 à 2020-01,Top 10,ridge_regressor,4.602903617410589,16.040931758053656,1.017109291991381,0.241439667628155,-0.3116559210033967,1.5115935809002603,0.637807708326322,1.1857476834845644,0.24064574840498976
canada,2012-01 à 2020-01,Top 10,xgboost_classifier,8.045067047192097,20.93943193677166,0.934277417969454,0.3682246947389098,-0.4357227177934549,1.4273000835913627,0.2211851683012633,1.192616929028746,0.3172686095828927
canada,2012-01 à 2020-01,Top 10,xgboost_regressor,6.6924526695241076,19.26000019166567,1.1893076543355052,0.2396188803610705,-0.255270211674152,1.7654014104986189,0.6468665238188513,1.216274457012226,0.2908385762272738
canada,2012-01 à 2020-01,Top 20,TSX60,0.3976769965480733,0.029336584098135,0.4463377910539669,0.1071063978660733,-0.2436197179110434,0.6136309940695212,1.0,1.0796518668753508,
canada,2012-01 à 2020-01,Top 20,equally_weighted,1.418087044026782,7.920883082019392,1.1728063945129643,0.0987060958320033,-0.1356149796240602,1.695035564998698,0.8054562634255853,1.2168711747017862,
canada,2012-01 à 2020-01,Top 20,extra_trees_classifier,1.487028287956217,8.183116193717366,1.2247467245313808,0.0972901661183195,-0.1432191183935404,1.7725526133388936,0.8431973175619419,1.2284757025103976,0.1207556145795865
canada,2012-01 à 2020-01,Top 20,extra_trees_regressor,5.002379992591904,16.732932149209034,1.2363803752874798,0.1979360420211757,-0.2854644141882269,1.7977850728726217,0.8015337216357101,1.2300495299960856,0.25138350452265024
canada,2012-01 à 2020-01,Top 20,hist_gradient_boosting_classifier,8.357440593651894,21.294441430315647,0.943780045279831,0.3632929166413091,-0.4626489221652013,1.5829833970767908,0.2531119303115934,1.218028102114355,0.32287679392735336
canada,2012-01 à 2020-01,Top 20,logistic_regression_classifier,2.4974049647461056,11.414597072333631,1.0544935293220834,0.161385381429066,-0.2193841134666045,1.6156318013418636,0.5048884460960461,1.2228113654589936,0.16960197934827037
canada,2012-01 à 2020-01,Top 20,ridge_regressor,4.39427017511586,15.661397132486576,1.1517755012257749,0.2014332101834649,-0.2684322023012429,1.6643845925392822,0.8089409496246515,1.212788498809054,0.2347687146548223
canada,2012-01 à 2020-01,Top 20,xgboost_classifier,8.045067047192097,20.93943193677166,0.934277417969454,0.3682246947389098,-0.4357227177934549,1.4273000835913627,0.2211851683012633,1.192616929028746,0.3172686095828927
canada,2012-01 à 2020-01,Top 20,xgboost_regressor,5.275756038660965,17.18263416370864,1.2534431427959118,0.2000483438457104,-0.2703169861215402,1.817433427854653,0.8068825763541728,1.2327058975174847,0.2583768835171414
canada,2020-01 à 2024-01,Rendements positifs,TSX60,0.2256374497441529,0.0358417870410381,0.3568660872591622,0.2000237543577794,-0.3742511329945133,0.4776687558894479,1.0,1.0781576053572437,
canada,2020-01 à 2024-01,Rendements positifs,equally_weighted,0.3736652287189317,5.636726228375988,0.5108361064418844,0.1927043941779984,-0.3623327980568981,0.6903432532297735,0.9250398118525174,1.1107871850757716,
canada,2020-01 à 2024-01,Rendements positifs,extra_trees_classifier,0.3645059148713994,5.522506149356432,0.4900699548049851,0.2009885681266207,-0.3813593290521352,0.6643755375508964,0.934653641675574,1.1096192511786669,0.08102688496734878
canada,2020-01 à 2024-01,Rendements positifs,extra_trees_regressor,0.5742516611911195,8.164707164891194,0.4900699548049851,0.4019771362532414,-0.6453767475034431,0.6643755375508964,0.934653641675574,1.1096192511786669,0.12047920353578423
canada,2020-01 à 2024-01,Rendements positifs,hist_gradient_boosting_classifier,0.0594734969075987,1.0042239983359955,0.2296474953971657,0.3693810623301581,-0.6356295252236386,0.3066314921942109,0.7888210062626654,1.0559125543125214,0.014588054341903467
canada,2020-01 à 2024-01,Rendements positifs,logistic_regression_classifier,0.2382479764580634,3.7652254254793016,0.3587985242381302,0.2142426629169515,-0.3813593290521352,0.4822404919826833,0.8931451579498927,1.0785182182327386,0.05503193231831016
canada,2020-01 à 2024-01,Rendements positifs,ridge_regressor,0.2985846243678751,4.6226229187258605,0.4179389447881126,0.2105979826890635,-0.3813593290521352,0.5694922695220144,0.870306833452326,1.0931519360628277,0.0676906597076865
canada,2020-01 à 2024-01,Rendements positifs,xgboost_classifier,1.5304447871087046,17.418405138577043,0.98115697972409,0.2770831435172018,-0.3813593290521352,1.4319299792736015,0.7499122716291386,1.219394222589416,0.2620482160795674
canada,2020-01 à 2024-01,Rendements positifs,xgboost_regressor,1.072581997160313,13.434007751073484,0.6349715245259965,0.4531847057944378,-0.6455461241947711,0.8913429785878748,0.7657396093878461,1.1358854316659048,0.20045301192523812
canada,2020-01 à 2024-01,Top 10,TSX60,0.2256374497441529,0.0358417870410381,0.3568660872591622,0.2000237543577794,-0.3742511329945133,0.4776687558894479,1.0,1.0781576053572437,
canada,2020-01 à 2024-01,Top 10,equally_weighted,0.3736652287189317,5.636726228375988,0.5108361064418844,0.1927043941779984,-0.3623327980568981,0.6903432532297735,0.9250398118525174,1.1107871850757716,
canada,2020-01 à 2024-01,Top 10,extra_trees_classifier,0.3645059148713994,5.522506149356432,0.4900699548049851,0.2009885681266207,-0.3813593290521352,0.6643755375508964,0.934653641675574,1.1096192511786669,0.08102688496734878
canada,2020-01 à 2024-01,Top 10,extra_trees_regressor,0.58385017721473,8.278486707577004,0.4868938699484333,0.4482965151949655,-0.6341516718344729,0.6687010151765319,0.8886240951000022,1.1001848124661209,0.12218793851528842
canada,2020-01 à 2024-01,Top 10,hist_gradient_boosting_classifier,-0.4855760349197932,-10.860405858916344,-0.0407748651082856,0.5181584898934701,-0.8598317175165106,-0.0532095959626271,0.6631757173753303,0.9861074151447164,-0.15348985787647407
canada,2020-01 à 2024-01,Top 10,logistic_regression_classifier,0.2382479764580634,3.7652254254793016,0.3587985242381302,0.2142426629169515,-0.3813593290521352,0.4822404919826833,0.8931451579498927,1.0785182182327386,0.05503193231831016
canada,2020-01 à 2024-01,Top 10,ridge_regressor,2.076092488252514,21.45166229743205,0.872123615391105,0.4341982922285987,-0.6279162161720265,1.2186646273148711,0.8491833992765037,1.1853007997456613,0.3253628150436092
canada,2020-01 à 2024-01,Top 10,xgboost_classifier,1.5304447871087046,17.418405138577043,0.98115697972409,0.2770831435172018,-0.3813593290521352,1.4319299792736015,0.7499122716291386,1.219394222589416,0.2620482160795674
canada,2020-01 à 2024-01,Top 10,xgboost_regressor,0.4042531103457392,6.047852944622667,0.4217193758109555,0.4594070432277938,-0.6971571118112382,0.5753504278370662,0.8482404741744345,1.0861309094596134,0.08883618834076334
canada,2020-01 à 2024-01,Top 20,TSX60,0.2256374497441529,0.0358417870410381,0.3568660872591622,0.2000237543577794,-0.3742511329945133,0.4776687558894479,1.0,1.0781576053572437,
canada,2020-01 à 2024-01,Top 20,equally_weighted,0.3736652287189317,5.636726228375988,0.5108361064418844,0.1927043941779984,-0.3623327980568981,0.6903432532297735,0.9250398118525174,1.1107871850757716,
canada,2020-01 à 2024-01,Top 20,extra_trees_classifier,0.3645059148713994,5.522506149356432,0.4900699548049851,0.2009885681266207,-0.3813593290521352,0.6643755375508964,0.934653641675574,1.1096192511786669,0.08102688496734878
canada,2020-01 à 2024-01,Top 20,extra_trees_regressor,0.662023608621445,9.184501659869282,0.5234094113212775,0.399538925453724,-0.6214787501261099,0.7170574817863038,0.9274699763847258,1.1157129047306722,0.13582318547267147
canada,2020-01 à 2024-01,Top 20,hist_gradient_boosting_classifier,-0.4855760349197932,-10.860405858916344,-0.0407748651082856,0.5181584898934701,-0.8598317175165106,-0.0532095959626271,0.6631757173753303,0.9861074151447164,-0.15348985787647407
canada,2020-01 à 2024-01,Top 20,logistic_regression_classifier,0.2382479764580634,3.7652254254793016,0.3587985242381302,0.2142426629169515,-0.3813593290521352,0.4822404919826833,0.8931451579498927,1.0785182182327386,0.05503193231831016
canada,2020-01 à 2024-01,Top 20,ridge_regressor,0.9388469630533568,12.132884038101022,0.6236668838062465,0.3930597870596548,-0.6080011417115393,0.8569359730736551,0.9256922551892598,1.1355907184947698,0.18054687471764597
canada,2020-01 à 2024-01,Top 20,xgboost_classifier,1.5304447871087046,17.418405138577043,0.98115697972409,0.2770831435172018,-0.3813593290521352,1.4319299792736015,0.7499122716291386,1.219394222589416,0.2620482160795674
canada,2020-01 à 2024-01,Top 20,xgboost_regressor,0.5399012107532197,7.752762988196493,0.4750725059243167,0.4090272945502393,-0.6511202110387775,0.6451128366543845,0.9233723439753664,1.1039663154478694,0.11429940674281469
usa,2008-01 à 2012-01,Rendements positifs,NASDAQ,-0.0017167110547994,-0.0002971301415335,0.1468756848834762,0.2966926411498147,-0.512563954089915,0.2062851084681078,1.0,1.027237402993842,
usa,2008-01 à 2012-01,Rendements positifs,equally_weighted,0.1540163692320451,2.503325723601169,0.2672858729844541,0.2547982555944512,-0.4296031492507401,0.3820999638210827,0.9381118486902474,1.0518926806829645,
usa,2008-01 à 2012-01,Rendements positifs,extra_trees_classifier,0.1862611332126353,2.9962201016469514,0.2937899275128944,0.2587795558525809,-0.4101560264127216,0.421952982909968,0.9345988528301008,1.0575255056035695,0.04371814549593345
usa,2008-01 à 2012-01,Rendements positifs,extra_trees_regressor,0.1790912728497249,2.8883545024823043,0.3359600224682312,0.513828264773226,-0.6987712747563133,0.4838441444867702,0.9376991976562448,1.066278976768184,0.04213422871874095
usa,2008-01 à 2012-01,Rendements positifs,hist_gradient_boosting_classifier,0.1555737750685688,2.530699320042662,0.2767560187524777,0.3421517956239933,-0.5104441720936022,0.3899531752719725,0.8391976917437441,1.053479133642082,0.03688769982776563
usa,2008-01 à 2012-01,Rendements positifs,logistic_regression_classifier,0.0316838948868332,0.5405823639995866,0.1775806322691863,0.3048061441243269,-0.4682592725116206,0.2527077973421753,0.8401585981574612,1.0337174337511028,0.007844734563869693
usa,2008-01 à 2012-01,Rendements positifs,ridge_regressor,0.3159938396321666,4.860464609801074,0.3908275887423137,0.2651710731401238,-0.4101560264127216,0.5628103649883683,0.922214791821368,1.0769512227010076,0.07121046958766297
usa,2008-01 à 2012-01,Rendements positifs,xgboost_classifier,0.1637311215556351,2.6554330254978,0.3382425345103804,0.5380346958251231,-0.6938426188262935,0.4932878842835269,0.850078162658162,1.0706475417570909,0.03871651572309376
usa,2008-01 à 2012-01,Rendements positifs,xgboost_regressor,0.1412014982753393,2.309150198215848,0.2944384989633364,0.4431421218958216,-0.6681691786097277,0.4276084102198842,0.7905406084298431,1.0636308769152585,0.03364186423573523
usa,2008-01 à 2012-01,Top 10,NASDAQ,-0.0017167110547994,-0.0002971301415335,0.1468756848834762,0.2966926411498147,-0.512563954089915,0.2062851084681078,1.0,1.027237402993842,
usa,2008-01 à 2012-01,Top 10,equally_weighted,0.1540163692320451,2.503325723601169,0.2672858729844541,0.2547982555944512,-0.4296031492507401,0.3820999638210827,0.9381118486902474,1.0518926806829645,
usa,2008-01 à 2012-01,Top 10,extra_trees_classifier,0.1862611332126353,2.9962201016469514,0.2937899275128944,0.2587795558525809,-0.4101560264127216,0.421952982909968,0.9345988528301008,1.0575255056035695,0.04371814549593345
usa,2008-01 à 2012-01,Top 10,extra_trees_regressor,0.517223451300767,7.47130297599794,0.4577480135479042,0.5085318418754828,-0.6657386989507773,0.6637899141085704,0.9163498750373582,1.0918135387693657,0.11008317215373409
usa,2008-01 à 2012-01,Top 10,hist_gradient_boosting_classifier,0.1555737750685688,2.530699320042662,0.2767560187524777,0.3421517956239933,-0.5104441720936022,0.3899531752719725,0.8391976917437441,1.053479133642082,0.03688769982776563
usa,2008-01 à 2012-01,Top 10,logistic_regression_classifier,0.0316838948868332,0.5405823639995866,0.1775806322691863,0.3048061441243269,-0.4682592725116206,0.2527077973421753,0.8401585981574612,1.0337174337511028,0.007844734563869693
usa,2008-01 à 2012-01,Top 10,ridge_regressor,0.3100772976411503,4.778829330545542,0.4005671508277618,0.5682817374944356,-0.7133562213669183,0.5865056156058736,0.9256142080326504,1.079575564450247,0.07000194745821386
usa,2008-01 à 2012-01,Top 10,xgboost_classifier,0.1637311215556351,2.6554330254978,0.3382425345103804,0.5380346958251231,-0.6938426188262935,0.4932878842835269,0.850078162658162,1.0706475417570909,0.03871651572309376
usa,2008-01 à 2012-01,Top 10,xgboost_regressor,0.1836184304877577,2.956525375163866,0.3604121476338404,0.5770985606527863,-0.7626545227406998,0.5208697448062577,0.9308887760448112,1.071121439716571,0.043135174657900954
usa,2008-01 à 2012-01,Top 20,NASDAQ,-0.0017167110547994,-0.0002971301415335,0.1468756848834762,0.2966926411498147,-0.512563954089915,0.2062851084681078,1.0,1.027237402993842,
usa,2008-01 à 2012-01,Top 20,equally_weighted,0.1540163692320451,2.503325723601169,0.2672858729844541,0.2547982555944512,-0.4296031492507401,0.3820999638210827,0.9381118486902474,1.0518926806829645,
usa,2008-01 à 2012-01,Top 20,extra_trees_classifier,0.1862611332126353,2.9962201016469514,0.2937899275128944,0.2587795558525809,-0.4101560264127216,0.421952982909968,0.9345988528301008,1.0575255056035695,0.04371814549593345
usa,2008-01 à 2012-01,Top 20,extra_trees_regressor,0.2161191127965538,3.4396945847481097,0.348033272362066,0.5044191619909395,-0.6989160996159278,0.5012999026435246,0.9330846859741038,1.0685925450746752,0.05023803021450446
usa,2008-01 à 2012-01,Top 20,hist_gradient_boosting_classifier,0.1555737750685688,2.530699320042662,0.2767560187524777,0.3421517956239933,-0.5104441720936022,0.3899531752719725,0.8391976917437441,1.053479133642082,0.03688769982776563
usa,2008-01 à 2012-01,Top 20,logistic_regression_classifier,0.0316838948868332,0.5405823639995866,0.1775806322691863,0.3048061441243269,-0.4682592725116206,0.2527077973421753,0.8401585981574612,1.0337174337511028,0.007844734563869693
usa,2008-01 à 2012-01,Top 20,ridge_regressor,0.2158298359446064,3.4354414362721686,0.3543257157685544,0.5254038871994533,-0.7077694513968777,0.5118309875642406,0.9387915350404924,1.0700312717204703,0.05017544139991781
usa,2008-01 à 2012-01,Top 20,xgboost_classifier,0.1637311215556351,2.6554330254978,0.3382425345103804,0.5380346958251231,-0.6938426188262935,0.4932878842835269,0.850078162658162,1.0706475417570909,0.03871651572309376
usa,2008-01 à 2012-01,Top 20,xgboost_regressor,0.1186546195949518,1.956893861487652,0.316186390678769,0.5285317445251724,-0.7399376593783658,0.4547387540437172,0.935829919409584,1.0625907927761995,0.028487587041214235
usa,2008-01 à 2024-01,Rendements positifs,NASDAQ,4.752290663224879,0.0784332444539601,0.594583706416855,0.2280774860196987,-0.512563954089915,0.8345204925192586,1.0,1.117119070471975,
usa,2008-01 à 2024-01,Rendements positifs,equally_weighted,3.9980464528081585,7.18731397240806,0.6352542115717361,0.1856279913331122,-0.4296031492507401,0.904465781061894,0.8517153411399133,1.132748149806411,
usa,2008-01 à 2024-01,Rendements positifs,extra_trees_classifier,4.103413599518323,7.286401025155653,0.6163975112283111,0.1969692542022522,-0.438584162754386,0.8805001898596729,0.8306517621224353,1.130276924534223,0.10731606357828438
usa,2008-01 à 2024-01,Rendements positifs,extra_trees_regressor,16.76262333079794,13.218419373581348,0.6680067325724788,0.3753489059795089,-0.6987712747563133,0.9550990704798088,0.8535223716124893,1.141121722709941,0.1971475562148053
usa,2008-01 à 2024-01,Rendements positifs,hist_gradient_boosting_classifier,5.142756295674149,8.14798092203366,0.5290085719976594,0.2996578761996328,-0.6427260133467654,0.7475841943017342,0.7142653834682409,1.1113749698919957,0.12022807780573608
usa,2008-01 à 2024-01,Rendements positifs,logistic_regression_classifier,6.079159786399343,8.812125358907075,0.6424320193185485,0.2330120371200598,-0.4204399644439588,0.91199435095603,0.7487017127069394,1.132115436623278,0.1302128569660217
usa,2008-01 à 2024-01,Rendements positifs,ridge_regressor,5.6315488067556085,8.505873806862962,0.6716995920511982,0.2086736116989677,-0.4101560264127213,0.9699675566861314,0.7792825241138007,1.1440233342648956,0.12560524343600177
usa,2008-01 à 2024-01,Rendements positifs,xgboost_classifier,11.11323216475381,11.363638719979877,0.6063620249982785,0.3716823625319766,-0.6954073808355666,0.8658349238418065,0.8133500774902318,1.1269207610862206,0.16882670320189153
usa,2008-01 à 2024-01,Rendements positifs,xgboost_regressor,6.107143424473038,8.830650752762725,0.5418483011637453,0.3235669039947684,-0.6213698506988892,0.7825519486303325,0.6883814910019931,1.13140621148901,0.13049176222126202
usa,2008-01 à 2024-01,Top 10,NASDAQ,4.752290663224879,0.0784332444539601,0.594583706416855,0.2280774860196987,-0.512563954089915,0.8345204925192586,1.0,1.117119070471975,
usa,2008-01 à 2024-01,Top 10,equally_weighted,3.9980464528081585,7.18731397240806,0.6352542115717361,0.1856279913331122,-0.4296031492507401,0.904465781061894,0.8517153411399133,1.132748149806411,
usa,2008-01 à 2024-01,Top 10,extra_trees_classifier,4.103413599518323,7.286401025155653,0.6163975112283111,0.1969692542022522,-0.438584162754386,0.8805001898596729,0.8306517621224353,1.130276924534223,0.10731606357828438
usa,2008-01 à 2024-01,Top 10,extra_trees_regressor,22.360263117181653,14.564681315846297,0.711343606771513,0.3777436871224766,-0.6657386989507773,1.0215313077074566,0.8453721824417216,1.1482540878752592,0.21783496890761844
usa,2008-01 à 2024-01,Top 10,hist_gradient_boosting_classifier,5.142756295674149,8.14798092203366,0.5290085719976594,0.2996578761996328,-0.6427260133467654,0.7475841943017342,0.7142653834682409,1.1113749698919957,0.12022807780573608
usa,2008-01 à 2024-01,Top 10,logistic_regression_classifier,6.079159786399343,8.812125358907075,0.6424320193185485,0.2330120371200598,-0.4204399644439588,0.91199435095603,0.7487017127069394,1.132115436623278,0.1302128569660217
usa,2008-01 à 2024-01,Top 10,ridge_regressor,15.87935819094798,12.969511034288338,0.6444004012621231,0.3973408915399002,-0.7368994658757877,0.9262427641552804,0.8340275015050472,1.134619188363939,0.19333474726683453
usa,2008-01 à 2024-01,Top 10,xgboost_classifier,11.11323216475381,11.363638719979877,0.6063620249982785,0.3716823625319766,-0.6954073808355666,0.8658349238418065,0.8133500774902318,1.1269207610862206,0.16882670320189153
usa,2008-01 à 2024-01,Top 10,xgboost_regressor,15.86813661003482,12.966269241669014,0.647322099710994,0.3922215609478587,-0.7051208392147816,0.9286691963807164,0.8402073518018066,1.1345979538724371,0.19328511396698134
usa,2008-01 à 2024-01,Top 20,NASDAQ,4.752290663224879,0.0784332444539601,0.594583706416855,0.2280774860196987,-0.512563954089915,0.8345204925192586,1.0,1.117119070471975,
usa,2008-01 à 2024-01,Top 20,equally_weighted,3.9980464528081585,7.18731397240806,0.6352542115717361,0.1856279913331122,-0.4296031492507401,0.904465781061894,0.8517153411399133,1.132748149806411,
usa,2008-01 à 2024-01,Top 20,extra_trees_classifier,4.103413599518323,7.286401025155653,0.6163975112283111,0.1969692542022522,-0.438584162754386,0.8805001898596729,0.8306517621224353,1.130276924534223,0.10731606357828438
usa,2008-01 à 2024-01,Top 20,extra_trees_regressor,17.758034284940987,13.485115797354252,0.6800997118295924,0.3716635852793314,-0.6989160996159278,0.9721889873710926,0.8601270364799819,1.1428651174045954,0.20123702772461582
usa,2008-01 à 2024-01,Top 20,hist_gradient_boosting_classifier,5.142756295674149,8.14798092203366,0.5290085719976594,0.2996578761996328,-0.6427260133467654,0.7475841943017342,0.7142653834682409,1.1113749698919957,0.12022807780573608
usa,2008-01 à 2024-01,Top 20,logistic_regression_classifier,6.079159786399343,8.812125358907075,0.6424320193185485,0.2330120371200598,-0.4204399644439588,0.91199435095603,0.7487017127069394,1.132115436623278,0.1302128569660217
usa,2008-01 à 2024-01,Top 20,ridge_regressor,20.91388065030153,14.249144237894583,0.7010145487065839,0.377855857223619,-0.6984296955686966,1.002784634783872,0.8531552679783452,1.1481388652609132,0.21297639541873536
usa,2008-01 à 2024-01,Top 20,xgboost_classifier,11.11323216475381,11.363638719979877,0.6063620249982785,0.3716823625319766,-0.6954073808355666,0.8658349238418065,0.8133500774902318,1.1269207610862206,0.16882670320189153
usa,2008-01 à 2024-01,Top 20,xgboost_regressor,16.02333499454697,13.010922391592604,0.6583407900625168,0.3787688332164059,-0.7049417166482594,0.941815443803015,0.8531462915345868,1.138702485142287,0.19396883004126342
usa,2012-01 à 2020-01,Rendements positifs,SP500,1.5298575486375203,0.0834567668807666,0.971696258180754,0.1281909274272818,-0.1977821043568202,1.371565809792509,1.0,1.1898022752998776,
usa,2012-01 à 2020-01,Rendements positifs,equally_weighted,1.9823097583954783,9.892633911134109,1.179264345366626,0.1224494835763795,-0.167134605880717,1.6838648683679396,0.962060638839544,1.2330282805339434,
usa,2012-01 à 2020-01,Rendements positifs,extra_trees_classifier,7.003670792915358,19.669038848541256,1.183469253514593,0.2458362438435943,-0.3133834702696838,1.6909351476444,0.9641607175185204,1.2341086958832534,0.2972605057154116
usa,2012-01 à 2020-01,Rendements positifs,extra_trees_regressor,7.003670792915358,19.669038848541256,1.183469253514593,0.2458362438435943,-0.3133834702696838,1.6909351476444,0.9641607175185204,1.2341086958832534,0.2972605057154116
usa,2012-01 à 2020-01,Rendements positifs,hist_gradient_boosting_classifier,4.177168973418053,15.251944002957996,1.0932157094012571,0.2083858036899665,-0.237641067899082,1.55341219051075,0.8092675767461058,1.2290909211168162,0.2284381094353607
usa,2012-01 à 2020-01,Rendements positifs,logistic_regression_classifier,3.2555953805164224,13.317956311316047,1.0729536660209096,0.1851363656234038,-0.2702872061612715,1.5340750913651051,0.797332313347994,1.225508380870443,0.19867333062689907
usa,2012-01 à 2020-01,Rendements positifs,ridge_regressor,2.006497361004219,9.969294353471758,1.183469253514593,0.1229181219217971,-0.166935660433024,1.6909351476444,0.9641607175185204,1.2341086958832534,0.1476752583666634
usa,2012-01 à 2020-01,Rendements positifs,xgboost_classifier,5.566483542296508,17.64165083655971,1.0670982268064784,0.2504763952098308,-0.3732694988573775,1.522859728526976,0.8875845893616111,1.210176956267099,0.26552756504377784
usa,2012-01 à 2020-01,Rendements positifs,xgboost_regressor,4.437043199318394,15.740287510902284,1.229785544756399,0.1866923372552903,-0.1966832368033069,1.8096690997860987,0.7570168633013571,1.253275970321805,0.2359896072367842
usa,2012-01 à 2020-01,Top 10,NASDAQ,2.3875229199835477,0.1111198504922004,1.073671993598455,0.1534224357256342,-0.2363555244873977,1.5157766638958263,1.0,1.206373950140323,
usa,2012-01 à 2020-01,Top 10,equally_weighted,1.9823097583954783,9.892633911134109,1.179264345366626,0.1224494835763795,-0.167134605880717,1.6838648683679396,0.8362831609270217,1.2330282805339434,
usa,2012-01 à 2020-01,Top 10,extra_trees_classifier,7.003670792915358,19.669038848541256,1.183469253514593,0.2458362438435943,-0.3133834702696838,1.6909351476444,0.8397817905250063,1.2341086958832534,0.2972605057154116
usa,2012-01 à 2020-01,Top 10,extra_trees_regressor,8.630142056412456,21.595619690965727,1.2261114934334605,0.2588920622622858,-0.2859737355497972,1.7646214765116417,0.8061214046828498,1.23860519677125,0.32764037913437316
usa,2012-01 à 2020-01,Top 10,hist_gradient_boosting_classifier,4.177168973418053,15.251944002957996,1.0932157094012571,0.2083858036899665,-0.237641067899082,1.55341219051075,0.7032592350728565,1.2290909211168162,0.2284381094353607
usa,2012-01 à 2020-01,Top 10,logistic_regression_classifier,3.2555953805164224,13.317956311316047,1.0729536660209096,0.1851363656234038,-0.2702872061612715,1.5340750913651051,0.6822351079786927,1.225508380870443,0.19867333062689907
usa,2012-01 à 2020-01,Top 10,ridge_regressor,5.919186986801909,18.17421868489262,1.06244120052184,0.2600525166088649,-0.3336209836445827,1.5131138709919998,0.8217567278469874,1.2052305956538991,0.2738397713941736
usa,2012-01 à 2020-01,Top 10,xgboost_classifier,5.566483542296508,17.64165083655971,1.0670982268064784,0.2504763952098308,-0.3732694988573775,1.522859728526976,0.7760284178702193,1.210176956267099,0.26552756504377784
usa,2012-01 à 2020-01,Top 10,xgboost_regressor,7.530580376371299,20.329538610008346,1.1822256172414805,0.2547402326676662,-0.3220550513202632,1.6947728289537505,0.8221859939553745,1.230021447058285,0.30765122197022277
usa,2012-01 à 2020-01,Top 20,NASDAQ,2.3875229199835477,0.1111198504922004,1.073671993598455,0.1534224357256342,-0.2363555244873977,1.5157766638958263,1.0,1.206373950140323,
usa,2012-01 à 2020-01,Top 20,equally_weighted,1.9823097583954783,9.892633911134109,1.179264345366626,0.1224494835763795,-0.167134605880717,1.6838648683679396,0.8362831609270217,1.2330282805339434,
usa,2012-01 à 2020-01,Top 20,extra_trees_classifier,7.003670792915358,19.669038848541256,1.183469253514593,0.2458362438435943,-0.3133834702696838,1.6909351476444,0.8397817905250063,1.2341086958832534,0.2972605057154116
usa,2012-01 à 2020-01,Top 20,extra_trees_regressor,7.223092792711572,19.948782407644178,1.1935211328725326,0.2468063892495127,-0.296449283191961,1.708373852838303,0.8313077092089803,1.2361099381976868,0.30165818080359963
usa,2012-01 à 2020-01,Top 20,hist_gradient_boosting_classifier,4.177168973418053,15.251944002957996,1.0932157094012571,0.2083858036899665,-0.237641067899082,1.55341219051075,0.7032592350728565,1.2290909211168162,0.2284381094353607
usa,2012-01 à 2020-01,Top 20,logistic_regression_classifier,3.2555953805164224,13.317956311316047,1.0729536660209096,0.1851363656234038,-0.2702872061612715,1.5340750913651051,0.6822351079786927,1.225508380870443,0.19867333062689907
usa,2012-01 à 2020-01,Top 20,ridge_regressor,7.1279760733378,19.828364850636284,1.1791264092802587,0.249059622176906,-0.3035842679348695,1.6844318987030036,0.8343117027974114,1.2334317978634892,0.2997646053864198
usa,2012-01 à 2020-01,Top 20,xgboost_classifier,5.566483542296508,17.64165083655971,1.0670982268064784,0.2504763952098308,-0.3732694988573775,1.522859728526976,0.7760284178702193,1.210176956267099,0.26552756504377784
usa,2012-01 à 2020-01,Top 20,xgboost_regressor,7.537859658243548,20.33839954224255,1.2142642779826505,0.2463790875951075,-0.3125441045685128,1.738977414706541,0.8449317350931583,1.240232478081052,0.3077907932168651
usa,2020-01 à 2024-01,Rendements positifs,SP500,0.4641036067179684,0.0682100497516908,0.5310741971384405,0.2301341247554751,-0.3392496000265329,0.740541481488555,1.0,1.1067351130561434,
usa,2020-01 à 2024-01,Rendements positifs,equally_weighted,0.4560141006743172,6.704351109823947,0.5581625324924997,0.206956099830006,-0.3059361489947969,0.7889830151844558,0.9482433448347534,1.1156531327786536,
usa,2020-01 à 2024-01,Rendements positifs,extra_trees_classifier,0.7952072762463656,10.649941026211373,0.5602706370340778,0.4227272449289014,-0.5605262325569802,0.7933056098402983,0.951765469939171,1.117490798670648,0.15798533503556333
usa,2020-01 à 2024-01,Rendements positifs,extra_trees_regressor,0.4670478404890985,6.853288214908959,0.5602706370340778,0.2113636224644507,-0.3160666084521742,0.7933056098402983,0.951765469939171,1.117490798670648,0.10084280123327893
usa,2020-01 à 2024-01,Rendements positifs,hist_gradient_boosting_classifier,0.0788908844358593,1.3219946761960255,0.2314737698332172,0.3469412451445554,-0.573092082108894,0.3167440202327142,0.8173832091752562,1.0571834232980986,0.019217835326287735
usa,2020-01 à 2024-01,Rendements positifs,logistic_regression_classifier,0.4851393387964042,7.080042426242605,0.5106977499093471,0.2606322525211806,-0.3160666084521742,0.7298834156801464,0.8431349774511858,1.1037481088481624,0.10423038014892438
usa,2020-01 à 2024-01,Rendements positifs,ridge_regressor,0.4309851719538711,6.394300145719334,0.5104851715702912,0.2261404860926536,-0.3160666084521742,0.7161726968886284,0.907119154156284,1.1062331327952664,0.09399566801696468
usa,2020-01 à 2024-01,Rendements positifs,xgboost_classifier,0.397406890993482,5.958249321826736,0.4121508530738506,0.4104229976875387,-0.5604538905825176,0.5741061153377011,0.8784517973153421,1.0863305310936022,0.0875029940537082
usa,2020-01 à 2024-01,Rendements positifs,xgboost_regressor,0.4618458187921506,6.787659411933622,0.4382293821334445,0.4314268451762459,-0.5678306025278312,0.6193447109385373,0.9116159082632294,1.0914559663945047,0.09986294663737527
usa,2020-01 à 2024-01,Top 10,NASDAQ,0.6510157508756618,0.090655793237689,0.6011394648233076,0.2701484480178449,-0.363952799091202,0.8397884886913494,1.0,1.113039585434476,
usa,2020-01 à 2024-01,Top 10,equally_weighted,0.4560141006743172,6.704351109823947,0.5581625324924997,0.206956099830006,-0.3059361489947969,0.7889830151844558,0.7562923494573776,1.1156531327786536,
usa,2020-01 à 2024-01,Top 10,extra_trees_classifier,0.7952072762463656,10.649941026211373,0.5602706370340778,0.4227272449289014,-0.5605262325569802,0.7933056098402983,0.7604701785386944,1.117490798670648,0.15798533503556333
usa,2020-01 à 2024-01,Top 10,extra_trees_regressor,0.6965144251359787,9.5730742010365,0.524981802725374,0.4293784267849629,-0.561254892551837,0.743756507730003,0.7615921238082736,1.1079453377326385,0.14168670611343837
usa,2020-01 à 2024-01,Top 10,hist_gradient_boosting_classifier,0.0788908844358593,1.3219946761960255,0.2314737698332172,0.3469412451445554,-0.573092082108894,0.3167440202327142,0.6276230034017932,1.0571834232980986,0.019217835326287735
usa,2020-01 à 2024-01,Top 10,logistic_regression_classifier,0.4851393387964042,7.080042426242605,0.5106977499093471,0.2606322525211806,-0.3160666084521742,0.7298834156801464,0.6842279553103809,1.1037481088481624,0.10423038014892438
usa,2020-01 à 2024-01,Top 10,ridge_regressor,0.6897386217276704,9.49725721694299,0.5214854720894192,0.4383999713632156,-0.5544805592876245,0.7409634831084709,0.7334197657908317,1.1070835289137215,0.140541900503518
usa,2020-01 à 2024-01,Top 10,xgboost_classifier,0.397406890993482,5.958249321826736,0.4121508530738506,0.4104229976875387,-0.5604538905825176,0.5741061153377011,0.6935982620240034,1.0863305310936022,0.0875029940537082
usa,2020-01 à 2024-01,Top 10,xgboost_regressor,0.8883395569973833,11.622127826305562,0.586665267899829,0.4286300207362509,-0.5063071944923179,0.8449984931735974,0.7543296348573145,1.118178718633859,0.17276098077786983
usa,2020-01 à 2024-01,Top 20,NASDAQ,0.6510157508756618,0.090655793237689,0.6011394648233076,0.2701484480178449,-0.363952799091202,0.8397884886913494,1.0,1.113039585434476,
usa,2020-01 à 2024-01,Top 20,equally_weighted,0.4560141006743172,6.704351109823947,0.5581625324924997,0.206956099830006,-0.3059361489947969,0.7889830151844558,0.7562923494573776,1.1156531327786536,
usa,2020-01 à 2024-01,Top 20,extra_trees_classifier,0.7952072762463656,10.649941026211373,0.5602706370340778,0.4227272449289014,-0.5605262325569802,0.7933056098402983,0.7604701785386944,1.117490798670648,0.15798533503556333
usa,2020-01 à 2024-01,Top 20,extra_trees_regressor,0.7630557214660656,10.304622907209636,0.5501144880477078,0.4210222565669134,-0.5570650806417874,0.7774690001549879,0.76426692033505,1.1148711117087455,0.1527510654068518
usa,2020-01 à 2024-01,Top 20,hist_gradient_boosting_classifier,0.0788908844358593,1.3219946761960255,0.2314737698332172,0.3469412451445554,-0.573092082108894,0.3167440202327142,0.6276230034017932,1.0571834232980986,0.019217835326287735
usa,2020-01 à 2024-01,Top 20,logistic_regression_classifier,0.4851393387964042,7.080042426242605,0.5106977499093471,0.2606322525211806,-0.3160666084521742,0.7298834156801464,0.6842279553103809,1.1037481088481624,0.10423038014892438
usa,2020-01 à 2024-01,Top 20,ridge_regressor,0.8981288285129196,11.721997239926552,0.5913752931437244,0.4275530472839491,-0.5653182261225732,0.8412447001055938,0.7577649681741059,1.1239896484259242,0.17428211901572133
usa,2020-01 à 2024-01,Top 20,xgboost_classifier,0.397406890993482,5.958249321826736,0.4121508530738506,0.4104229976875387,-0.5604538905825176,0.5741061153377011,0.6935982620240034,1.0863305310936022,0.0875029940537082
usa,2020-01 à 2024-01,Top 20,xgboost_regressor,0.8388156074013238,11.110225750130542,0.573820806338667,0.425126800269007,-0.5711358025715452,0.8122592016585819,0.7592604276341834,1.120062712872969,0.16497366760422794
